Date,Silver_Futures,Crude_Oil_Futures,Gold_Futures,UST10Y_Treasury_Yield,gepu,gpr_daily,DFF
2026-04-10,56.78702784563923,64.72622972933827,4214.855594597426,3.508008380555519,515.1162869988503,195.5179443359375,4.885938486196101
2026-04-13,56.2653771515976,63.01945378042702,4189.65672515684,3.494244118356117,522.7347419320168,309.5667953491211,4.843349868543446
2026-04-14,59.56298147675041,67.23438188778137,4318.012349801407,3.400140238129505,530.6768071709695,200.12744140625,4.915234239883721
2026-04-15,62.66740230358794,69.84528811173084,4418.305691227697,3.238314372622379,537.8798105774941,168.72505569458008,4.9175636080279945
2026-04-16,66.15599344144174,68.96718965071807,4546.694834610445,3.074922335469135,547.1797936020913,195.4036865234375,4.900085166208446
2026-04-17,67.99308509433853,66.97175451423996,4631.883357014328,3.1156650531524503,556.6311791001382,166.4985637664795,4.947042618058622
2026-04-20,66.38262575700251,63.60604903325152,4570.331480309657,3.1678335900837267,565.6684181748452,251.5723934173584,4.868925254903734
2026-04-21,65.64808971756622,60.85151074909871,4562.387372858887,3.1543387306341613,574.4889986573281,103.70467185974121,4.83163722615689
2026-04-22,66.87130327280858,57.58966585246474,4638.212257701178,3.1871707422146285,583.895013099772,175.77763175964355,4.824320770446211
2026-04-23,64.78515433010227,57.46855301823334,4539.75774554026,3.3638403994450057,591.8670589982095,307.51380729675293,4.80966021457687
2026-04-24,65.56464365797306,56.84414503584891,4601.919452694294,3.314604690433451,600.7239191590371,149.65218925476074,4.847553457710892
2026-04-27,66.38260256757259,56.252180028070605,4596.400347420352,3.243099985779234,609.6940472184243,212.7905979156494,4.725652809832245
2026-04-28,66.06818644928279,55.05991538459688,4607.977088941746,3.1688892675051177,618.8970654069009,299.8392581939697,4.715816214326769
2026-04-29,66.53256771604632,52.41797925628404,4685.869768062279,3.176201272890874,628.409137016398,198.21345710754395,4.761440161261707
2026-04-30,70.54968398729568,50.635337875353905,4847.502682708891,2.9695537724950993,638.0194160996499,344.1318073272705,4.6209830526448785
2026-05-01,74.33481902679523,51.23523983994733,5001.669601786428,2.791513953492948,647.2967827378335,177.2981128692627,4.607042377460748
2026-05-04,78.90447513786357,53.41298892675793,5175.278994384313,2.7496715636411393,656.8414080201211,212.23176765441895,4.694486749935895
2026-05-05,79.64128680566046,49.872960279855874,5231.948757390066,2.627321906522819,666.1870329438271,136.02059364318848,4.646682662535459
2026-05-06,79.89520333336296,47.14925453497314,5285.700203137607,2.617164284125873,675.6588556824746,242.6924228668213,4.653957343306392
2026-05-07,84.61631712496319,47.672816138988104,5463.760192232848,2.5182927550235474,685.0756533204141,150.96604347229004,4.708468298073858
2026-05-08,84.04981825100758,45.616847630668005,5423.911112108827,2.423260688916751,694.1389648972573,243.0097141265869,4.637896309252828
2026-05-11,83.05122287785548,44.91193678912335,5441.82333420083,2.4654414170840466,702.6780617295327,162.57879829406738,4.649066034350544
2026-05-12,85.45309846586883,42.73953820956766,5533.725617405572,2.3989308962085927,712.1586372910562,286.5899600982666,4.622861273232847
2026-05-13,90.2694495593945,41.09644995635721,5713.511828185966,2.269006896899053,721.6309874116006,123.72138404846191,4.662160295639187
2026-05-14,94.02680985383853,40.134403193976645,5859.123622982459,2.394570890949079,731.256136184794,225.12735176086426,4.71364204922691
2026-05-15,91.6945636257989,38.834193972232505,5809.004437027824,2.489949297294923,739.8940241395059,373.3779773712158,4.6978868130780755
2026-05-18,90.3093251199719,37.29867864832396,5749.602530881957,2.3998864033678258,748.2752735673013,189.24722480773926,4.676292962972075
2026-05-19,87.82996046331137,35.176994295607194,5681.1688509325095,2.4305918199429,757.7811710892739,302.27012825012207,4.653738177958876
2026-05-20,85.95671501944602,33.8927140119809,5625.733046123338,2.3918278274545157,766.7017538605752,149.21557807922363,4.531950182858854
2026-05-21,84.81333174432697,32.39029239351974,5589.669064182376,2.4310053681442225,776.017270332438,264.54902839660645,4.480083211902529
2026-05-22,89.20499515774725,33.30947215081046,5752.192172119991,2.274837801367947,785.1605541764321,95.28723335266113,4.558870359901339
2026-05-25,95.27371729514947,33.72705720535918,5968.624316199942,2.1192858462640727,794.8185408173623,202.25188636779785,4.58112411538139
2026-05-26,100.60441105355939,34.183927605241564,6165.937515675072,2.117104541878187,804.3624928055825,124.17054176330566,4.66431865433231
2026-05-27,99.9434958949842,33.468767970305606,6215.024023619453,2.138842020551645,813.7122299729409,241.14966011047363,4.719820789638907
2026-05-28,98.59989659190971,32.02168381325286,6207.296555538175,1.9822054844302768,822.8111298142495,81.91438484191895,4.625109694544226
2026-05-29,101.57800180311943,29.91379586391216,6374.291661204968,1.8495705466670627,832.3311998902383,248.81802558898926,4.6131246328540145
2026-06-01,99.7377302319566,29.463620160904444,6370.413260326205,1.866665462399804,841.4681894837441,101.53953742980957,4.59165300020948
2026-06-02,99.62177033933172,27.513784785058494,6395.566519127728,1.863148137596407,850.7367794571938,229.44848823547363,4.545752524975687
2026-06-03,99.55689262286627,26.551182064257226,6417.583422282502,1.819805774507084,860.1070091782632,59.796342849731445,4.562570321951061
2026-06-04,103.95924802551782,26.2030949623785,6580.343972722716,1.6765178177924538,869.7012455521646,201.4895191192627,4.5968253869749605
2026-06-05,110.74645961138371,28.24307733438233,6822.628671303342,1.5795253847213173,879.2362902222695,29.243349075317383,4.6737668547965585
2026-06-08,115.77841769398078,29.007332540909818,6990.407788646112,1.5776765070808763,888.2687752305093,79.80333137512207,4.727867651376873
2026-06-09,119.72631636508378,29.18649550973726,7105.153665586982,1.5175997637165421,896.6883575974526,138.696382522583,4.728528257571161
2026-06-10,121.8274551225513,28.817091122113016,7156.596230060066,1.381243991102063,904.3700769005837,0.5586261749267578,4.714329632110894
2026-06-11,119.40026113283075,26.697840098261587,7109.402632474571,1.3393061257851953,913.6412799416604,184.26646614074707,4.631425695605576
2026-06-12,119.92511164784015,27.1477144744882,7161.503962782771,1.3574430182529325,921.578522449595,7.568666458129883,4.653123499937355
2026-06-15,117.79202042059013,24.779841917361733,7096.3644409617145,1.248865215475642,930.7814700661721,144.9474811553955,4.557947950549424
2026-06-16,120.49208179413311,25.27619154984528,7175.93896883798,1.2301521938247317,939.5825545846047,6.243059158325195,4.584069432802498
2026-06-17,126.53953290509786,25.257857997069298,7385.455553718893,1.1749979484779471,949.0908267556252,59.81607246398926,4.691469708569348
2026-06-18,126.94028780635081,25.53776993369091,7421.069217225816,1.0978023488027686,957.7241323052468,-56.02249717712402,4.71791974093765
2026-06-19,126.89795474523527,25.119457910481135,7425.075844128017,1.1368577483994597,966.0446584282937,64.65414619445801,4.743507258705795
2026-06-22,130.88354452852442,26.092910089425835,7605.865283944867,1.1044633913738364,975.1969888268533,-95.99297904968262,4.8657481373474
2026-06-23,131.2563046768507,24.501049995625387,7613.279286414266,1.1062623463989878,984.6893394051614,68.67068672180176,4.787740409485996
2026-06-24,132.71940597821302,24.943698839150677,7676.9492057929165,1.1365323938848162,993.1811511574807,16.86957359313965,4.799132481329143
2026-06-25,133.483151749238,24.922696863030094,7734.751857768916,1.1157787569286013,1001.8271939812722,-105.90952491760254,4.839813519380987
2026-06-26,129.97958436525204,23.366326643513915,7665.616689345313,1.2226826303126002,1010.9473884163918,62.65457725524902,4.829071579612791
2026-06-29,125.57598511529064,22.346733944470337,7618.959696419162,1.2609313778998041,1020.2706830559792,-40.02993965148926,4.822856891546398
2026-06-30,124.98358427131659,21.717542358662115,7599.088531892448,1.2609708284912342,1028.876407390696,120.96584892272949,4.79706999251619
2026-07-01,126.69074999766734,22.979786898773554,7631.122329235795,1.3035061707673306,1036.7141287385048,-25.039766311645508,4.788550074789673
2026-07-02,122.60183357676134,21.42401906039974,7513.2897109773685,1.269058657246613,1045.9913151322426,126.66020011901855,4.765034943465143
2026-07-03,126.19377186149539,21.927932266591917,7628.872059159833,1.2790430508507127,1054.8157961426796,-4.520936965942383,4.792427567411214
2026-07-06,131.00155953383995,21.347668382476385,7701.430215217192,1.100679131592595,1064.2522499619545,100.50971794128418,4.713299316931516
2026-07-07,138.20104769307844,21.709460704984664,7938.825110861406,0.9180796317709321,1073.7106134949745,-40.82013130187988,4.726272866707295
2026-07-08,146.15352306511153,21.94622108437008,8199.454845881899,0.8715692520094747,1083.2457335053505,93.03407096862793,4.7763489974848925
2026-07-09,153.3240220909461,22.739320120792666,8387.265249282831,0.7633884385181302,1091.7480232773842,-38.570573806762695,4.781617724914104
2026-07-10,162.2847120082929,20.91667803835916,8674.384283252508,0.6117500796867246,1101.4047043381752,105.49691581726074,4.692979501206428
2026-07-13,169.58181005982087,21.794591215827186,8835.732888750434,0.489411367471301,1109.747390037638,-40.283586502075195,4.710361083615571
2026-07-14,169.40863203363614,20.98443315314559,8909.35865942939,0.6136298388195867,1119.3046143113197,128.25622367858887,4.740758524853736
2026-07-15,167.55270393640103,20.18539144827897,8941.353768703219,0.5655478373123044,1128.5256207047523,-23.907793045043945,4.7165357113070785
2026-07-16,172.3552137371294,20.11760636676151,9124.293952423366,0.5126836396706933,1137.6239998398842,-142.11394691467285,4.7380596284009515
2026-07-17,172.8477506614566,19.369865058035998,9103.166455974388,0.5356043059332007,1145.4564268647255,17.09137535095215,4.739996418468654
2026-07-20,178.08541205699296,20.33914477944828,9314.950576241774,0.52442172672131,1154.6079504548134,-155.21553993225098,4.795304928086698
2026-07-21,183.27044691259425,18.793200557480183,9447.652350912109,0.3963824113784069,1163.7374451218666,25.5996150970459,4.705394838117063
2026-07-22,189.56074686869906,19.521630732696607,9618.865686669127,0.3200880562839741,1171.9266588746132,-144.95333290100098,4.799008723460138
2026-07-23,197.174625095808,19.273493835690587,9819.762486953012,0.3342935651493901,1180.9869568406166,-32.348947525024414,4.797034187819809
2026-07-24,194.29151953888763,19.2544457527852,9726.06710990646,0.27176567017563524,1188.9604060708107,-55.37489128112793,4.753411828186363
2026-07-27,189.324509268064,17.60490831261472,9622.542090478155,0.3148033082438344,1198.4892356453956,71.74244117736816,4.649157433416694
2026-07-28,190.33098453676283,17.58175894848395,9711.869928924272,0.3362560071004266,1207.5524308739723,-72.36000633239746,4.712826429512352
2026-07-29,199.27419075119016,18.28819555422131,9968.68558118907,0.26405220701821985,1216.914155727488,-13.942708969116211,4.688531820308417
2026-07-30,208.51846047506712,18.877358479841323,10222.370716368152,0.21494101956018152,1226.007004505259,-120.04977989196777,4.794156138431281
2026-07-31,217.1218832827542,19.458645815185797,10534.193792750859,0.18967196195849123,1235.5650231896461,-24.737333297729492,4.870236833225936
2026-08-03,229.75102650601653,20.35010406395563,10876.979843931176,0.07092394530304613,1244.530903583628,-154.52093315124512,4.973970588874072
2026-08-04,243.84515368313848,22.05079386897835,11240.857689643133,-0.04018096030227003,1254.0964543877662,-266.9999752044678,5.057746720146388
2026-08-05,248.04960800781015,21.866813992592448,11289.344780068868,-0.1397499531554347,1262.044714218241,-250.62133979797363,5.06476396240294
2026-08-06,244.95925159138204,20.45681170259163,11216.690030679078,-0.1344103818806177,1271.0542280732216,-76.66751289367676,4.987092024758458
2026-08-07,255.85856418525663,21.31308962573684,11516.068906305274,-0.20543724354825077,1279.9838001786293,-256.89048957824707,5.0840058914572
2026-08-10,259.08679064332114,20.277528427955804,11609.776390011211,-0.3332236712845331,1289.4357988892616,-83.70283699035645,4.994432552829385
2026-08-11,259.35425952575923,20.065324776367753,11646.272290571185,-0.3772412097128397,1298.278697258097,-136.2766056060791,5.023476773053408
2026-08-12,265.583752076052,19.948090586228346,11896.449074873937,-0.3656002251478201,1307.4500935135902,-298.7273349761963,5.100453146845102
2026-08-13,255.05392008308604,18.05573708319823,11611.400295487476,-0.44021869879684505,1316.6169788895668,-116.20098304748535,5.002799944132566
2026-08-14,248.12261461183968,16.940378921374183,11574.876451019254,-0.4564694935502773,1325.686565643412,-256.2972354888916,5.0138142957538365
2026-08-17,241.2267670525354,16.417831959046463,11404.874841013208,-0.26633034889123497,1334.898874527079,-128.74138832092285,4.981210771128535
2026-08-18,233.3115914010972,16.175888076726856,11241.161217864355,-0.2674457341013765,1342.3095567284645,-308.91575050354004,4.964371514618397
2026-08-19,223.10668740749597,14.87090592375694,11041.340876534707,-0.14980612542017457,1351.8453643380226,-143.9878330230713,4.928478703945875
2026-08-20,225.70874519378333,15.940982221067266,11182.680329517138,-0.04441266353710649,1360.070436245066,-288.66489601135254,4.994669878035784
2026-08-21,234.63583693405045,15.854566430031145,11442.529494068729,-0.14266414787157533,1369.5691134987892,-136.22942543029785,4.930338093191385
2026-08-24,239.14349457366643,16.39275479325149,11628.017895504576,-0.17554940130098817,1378.8442494927467,-316.64934730529785,5.003361710458994
2026-08-25,244.74097960682755,15.807518410977131,11820.498377240518,-0.17336161560847518,1387.6510636864723,-242.63991737365723,5.004708859249949
2026-08-26,244.77321842195224,15.790375054326795,11923.601781972782,-0.1704248121055132,1396.4440562783302,-250.23269271850586,5.044896020665765
2026-08-27,251.06455467511333,15.63438299033482,12095.138249840902,-0.2767539104493624,1405.3170144616188,-359.8429527282715,5.048815871700644
2026-08-28,243.39227210694725,15.149257416593061,11893.038063127511,-0.1278699865611559,1414.185655361277,-198.77273178100586,4.985714989826083
2026-08-31,241.7559636064495,14.928384683109865,11931.517504063522,-0.11067526471338329,1422.7422254143776,-300.4349250793457,5.032394512668252
2026-09-01,241.1111980749352,14.20030318116556,11871.486607159322,-0.13963352013847885,1431.8295247613014,-147.05391311645508,4.93537817068398
2026-09-02,249.5351357583983,15.057058729229746,12057.831945861251,-0.13880774388558326,1440.4567182122291,-314.30766677856445,4.972930937185883
2026-09-03,254.91605363027128,14.675479343590075,12218.193224559232,-0.1472193525219625,1449.830090290171,-194.36134719848633,4.9562499682605266
2026-09-04,261.59526357877115,14.624553627910878,12445.738394926802,-0.26484587798363624,1458.9787604867042,-237.26860809326172,4.958125686384737
2026-09-07,276.6079596328138,14.571258420362112,12789.70281098542,-0.40247014174706397,1468.5345370827736,-101.32445526123047,4.934085216484964
2026-09-08,293.9939565462466,15.413337252545181,13215.30314668776,-0.5347121656919187,1477.6796624718727,-231.9129867553711,4.999213088415563
2026-09-09,309.35560451518705,14.99519258636161,13582.914953482183,-0.619179621436662,1486.9617040215553,-268.0977325439453,4.996312127094716
2026-09-10,320.78404212105056,14.395484664855493,13940.151461457886,-0.7516029627109235,1496.4377725182594,-132.02134704589844,4.9772741371952
2026-09-11,342.41340732494353,14.737647810501533,14456.089126472014,-0.9385094345594114,1505.9880778847755,-281.8171691894531,4.958399223741144
2026-09-14,361.3489086545295,15.67657067553637,14915.95003871275,-0.8719290048862165,1515.3714139519752,-329.6141700744629,5.075875865872949
2026-09-15,354.87949602722176,14.354686591866793,14793.025949268915,-0.8224793934310144,1524.7154672204078,-167.4689826965332,5.004790710862726
2026-09-16,352.5123869811251,13.690995588231191,14825.329121540013,-0.8389186115050977,1533.7862060128273,-241.76653671264648,4.999799175299704
2026-09-17,341.3512493166616,13.181894919224778,14554.471892803362,-0.8162904270971483,1541.7155897675575,-182.40289688110352,4.978563342355192
2026-09-18,341.2254289108342,13.13239175437396,14604.79118222958,-0.8454625514382785,1549.8946077881874,-359.4243354797363,4.942188512645662
2026-09-21,351.7107199578694,12.546838805678865,14916.015388551317,-0.8101704922551578,1559.4273941575111,-201.60664749145508,4.950958782918751
2026-09-22,343.4415051041236,12.385532823654595,14817.552461909218,-0.7605684419209426,1567.1774275361122,-340.8486976623535,4.940496161691844
2026-09-23,365.4493595492468,12.252753087183697,15340.444499829186,-0.951879711919493,1576.6439077912391,-193.2702522277832,4.86934484552592
2026-09-24,388.1155539921246,12.665460402901624,15864.728552133694,-1.0878403504425949,1585.9259569703163,-283.35004806518555,4.967815719656646
2026-09-25,407.9402144169247,12.999897630930962,16293.833816723394,-1.2090038229758209,1594.6653807221473,-176.47459030151367,4.980258386693895
2026-09-28,416.112189725732,13.131830519547485,16519.58845076786,-1.1324115489656394,1603.8010599671425,-247.55739212036133,5.027632355801761
2026-09-29,403.1902582959336,12.252200185448833,16249.81267852372,-1.0628896226221984,1612.4865200577797,-92.38998794555664,4.941841147951782
2026-09-30,392.08770901540106,11.666042523495356,16183.163831060912,-1.0778688957030242,1621.2636282502235,-256.0912666320801,4.9502204685658215
2026-10-01,391.8043681211727,10.730851970384556,16230.490559774853,-1.1774205808574623,1630.850043541056,-82.26578140258789,4.865595500096679
2026-10-02,389.51274959310496,10.950954088641168,16225.38068629306,-1.008334884517855,1640.1277744828285,-167.60982131958008,4.876588140726089
2026-10-05,398.7045470711195,10.64313552465808,16517.300317619032,-0.9343335275585121,1649.650523429972,-162.09194087982178,4.875513674803078
2026-10-06,391.2455148399222,10.69066329765137,16359.073174620647,-0.9289060557307964,1657.9775955735267,-218.95842266082764,4.870030717570335
2026-10-07,400.4562816016634,10.939524359477392,16512.91688320728,-0.947615709719277,1666.5652592240394,-247.62499713897705,4.8917162079550325
2026-10-08,421.43374328680306,11.441100668749337,16960.76087215407,-1.0685186056467062,1675.5297625123085,-96.75634479522705,4.871318086627871
2026-10-09,444.4755758081843,11.847560364672427,17405.311683559314,-1.2290783939929968,1684.8254921494545,-284.2043123245239,4.881634147483855
2026-10-12,440.0639667927699,11.238503184784973,17383.355358000244,-1.1729185214313036,1693.7922432480873,-129.9268617630005,4.897025612760335
2026-10-13,432.80511632733925,10.942917676717471,17412.893315581878,-1.0681666662963396,1702.83782411204,-24.09533405303955,4.862483879197389
2026-10-14,444.82960177248304,10.984459397753318,17674.28158941444,-1.2103816648992067,1711.5658953248085,-208.9492769241333,4.910659538228065
2026-10-15,469.255859894696,11.755776281221136,18154.74785672006,-1.2977218186529642,1720.3153297959389,-119.51293659210205,4.961833385396749
2026-10-16,471.7277774277226,11.997387061140342,18167.328436154825,-1.255011123237229,1728.1076066552223,-152.86034107208252,5.005447616446763
2026-10-19,479.0817661187346,11.740731952489433,18340.005169990938,-1.2452258054213887,1734.9082567750038,-224.84238147735596,4.992561006564647
2026-10-20,486.87513276604517,11.181489956993383,18567.83720109307,-1.3203161466913587,1744.0427191315712,-63.90842151641846,4.9249636769481
2026-10-21,490.7383357804238,11.311712616442772,18608.826028952215,-1.4060947258072263,1752.156554466349,-202.3335771560669,4.942938169110566
2026-10-22,490.1791580977192,11.089360799733361,18654.530589550886,-1.3347607437568074,1761.2673533021034,-75.37930011749268,4.941980809085071
2026-10-23,485.3047182609554,11.034074666123823,18651.44730008708,-1.249608832974947,1769.9214022217811,-89.44017887115479,4.9865445421263574
2026-10-26,499.04378204922233,11.358761796424266,18881.07159769599,-1.3007089193957215,1778.6626741944374,-161.18229007720947,5.016266550980508
2026-10-27,501.9841076584036,11.83343777860695,18943.69783272024,-1.2104296978609925,1787.2379086075844,-126.67789554595947,5.070288468264043
2026-10-28,501.6318226974441,11.626825384636156,18978.994510920656,-1.2054909119429356,1796.088927513224,-48.66145420074463,5.058014832548797
2026-10-29,527.6860832639154,11.236906585540535,19508.747910619753,-1.3783718297304874,1805.4000990449013,-218.52139377593994,5.031043470017612
2026-10-30,560.7897574307699,11.865874571798578,20193.7581278483,-1.502209136826015,1814.847448593241,-187.28731060028076,5.120349958650768
2026-11-02,598.3207730318337,12.658612574876553,20942.428129507345,-1.5885696062865025,1824.294997459513,-249.79500484466553,5.18840979795903
2026-11-03,623.6882914348547,12.345862025406703,21392.864911779965,-1.6566124210181004,1833.7646496354164,-109.71671199798584,5.15103818859905
2026-11-04,655.4044977977167,12.614075129086618,21998.09017520787,-1.7772024968685871,1842.8886110840858,-262.6135320663452,5.168213360123336
2026-11-05,699.2438804630273,12.505914417564508,22804.793563179745,-1.9301309684338337,1852.4669363556923,-121.85645198822021,5.252490714304149
2026-11-06,734.193454332334,13.264040217798547,23546.76556940517,-1.9568588832440144,1861.9545767365516,-264.1328954696655,5.31804285954684
2026-11-09,776.2164189024055,13.842274404377253,24274.31294254499,-2.0103324228944546,1871.3996393738807,-248.91652870178223,5.34511918772012
2026-11-10,785.7497346790228,13.90854188258167,24560.38935138576,-1.9287559637846714,1880.7459785996498,-253.06712341308594,5.419719914086163
2026-11-11,835.7020174365164,14.288473886409712,25424.358764822537,-2.0753084668936497,1890.2439196168007,-244.80187892913818,5.431536834798753
2026-11-12,855.3239505458372,14.435618489379033,25749.026237614842,-2.0991129266144997,1897.8914697228493,-97.58799648284912,5.442646220438182
2026-11-13,882.4250893087083,14.840032594118878,26202.760076342078,-2.153042534929729,1906.4457328377785,-258.40727138519287,5.474424939714372
2026-11-16,861.1252408286631,14.850332118159452,25936.503354260487,-2.0290496820630795,1915.2698428689064,-198.01227474212646,5.5125403144583105
2026-11-17,836.5724777792061,14.72595986438847,25603.69114542251,-1.959079998177505,1923.429928547007,-156.40172863006592,5.5078268373571335
2026-11-18,856.0817131062157,15.262672366755792,26108.201133753286,-1.936664380696631,1932.3648145257057,-197.5452527999878,5.5607969524525105
2026-11-19,890.5518125542704,15.0819388890585,26812.414768426486,-1.9988066783221727,1941.7914035378517,-189.2998924255371,5.588306613843888
2026-11-20,920.844834716818,15.592104052273278,27363.490136668654,-1.9768649587454563,1950.3974816857399,-164.74225234985352,5.617522907089442
2026-11-23,976.0399268398453,16.463049908842304,28238.56253461874,-2.0632519001188045,1959.4583413659157,-122.43857192993164,5.702079263161868
2026-11-24,1028.8297602623804,17.332356834499326,29035.025506440557,-2.1806991422595745,1967.9224708138527,-194.6339988708496,5.772311729025096
2026-11-25,1066.243310264636,16.520199104417202,29678.886257200167,-2.2742040032567745,1976.9182536660255,-30.34505844116211,5.7912254991196095
2026-11-26,1066.2158553454149,16.59704948646529,29861.25241283974,-2.194949219566799,1983.7709410248817,-155.53293991088867,5.80862052982673
2026-11-27,1020.5008423677959,15.204189447233908,29220.889240884164,-2.2068655347498423,1993.1294796525062,7.869129180908203,5.707705038245767
2026-11-30,1006.2140753408457,15.011334259109313,29113.948816478216,-2.2273074114742046,2001.4188902436317,-105.0358772277832,5.6905929302982985
2026-12-01,1029.6812260187364,14.754658690355196,29552.49707841886,-2.277505247485853,2010.717345481974,-35.04441452026367,5.710217716749757
2026-12-02,1058.168113222281,15.262510722814099,30092.38995811532,-2.385880074095941,2019.7623159943641,-49.043012619018555,5.71652213960886
2026-12-03,1125.2382172605132,16.023232060109283,31114.951251949857,-2.4924199866177803,2029.2653315125526,-172.82175254821777,5.797510353028774
2026-12-04,1142.3267017205912,15.260333752075393,31570.013378389125,-2.537663287115312,2038.3384888230385,-9.161046981811523,5.77072547852993
2026-12-07,1207.87921889638,15.85071923846715,32596.547780659002,-2.6699467064859634,2047.6677963791908,-168.20421409606934,5.857193407714367
2026-12-08,1285.2531929419029,15.333144223698849,33757.49996614486,-2.850941962194658,2057.230601554972,-25.7951717376709,5.880694239512086
2026-12-09,1343.2105706220239,16.03700480604348,34645.224063221714,-2.8889811286749607,2066.0127327500404,-53.761234283447266,5.9364238894730805
2026-12-10,1413.8316172233526,15.588348201706468,35766.30900798125,-2.9532080987515217,2075.600784546,-55.39953279495239,5.9924856043606995
2026-12-11,1409.5012711467068,15.485781591749358,36070.424246482355,-2.908052282971359,2084.8651125489296,-92.23015642166138,6.03471569634974
2026-12-14,1484.7413067647155,15.222172252623459,37262.046550174535,-3.0279714936437374,2094.509138351542,-72.84287691116333,6.0518709878623484
2026-12-15,1569.8580042766084,15.820187147629737,38482.37452360508,-3.1055515581788784,2103.663627868754,92.56003141403198,6.073229041993618
2026-12-16,1629.6340439120304,15.64719703811643,39133.394241747636,-3.2286980772437817,2112.883614784342,-74.62990999221802,6.074274463225156
2026-12-17,1625.348891030812,14.472727599102498,39052.877567477546,-3.30178010706327,2121.9084732590736,57.03403043746948,6.023579308409244
2026-12-18,1680.9783733124798,15.14524141133482,39722.05887555951,-3.316164507162786,2130.877948051554,-75.66634798049927,6.01422246882692
2026-12-21,1771.004993339633,16.07074935756328,40728.03186604367,-3.376308309477783,2140.3035252152504,-117.74688768386841,5.996193533409387
2026-12-22,1839.6281518004998,16.200865481104515,41801.11441740393,-3.4078573757829433,2149.392213111979,4.8577189445495605,6.039952838439494
2026-12-23,1908.0828855995433,15.454999868025139,42877.51974323776,-3.4564824873628384,2158.9228584824623,-85.1086277961731,6.127198712546378
2026-12-24,1897.0269062597706,15.044300302545333,42933.147094923006,-3.3867967302026516,2167.7245180665077,-42.793495655059814,6.1325670449249445
2026-12-25,1908.8892493765138,14.89270965396896,43597.75911187569,-3.268146152240253,2176.3706495820106,-87.04554414749146,6.180825174432248
2026-12-28,1872.6131974154068,14.345436028868514,42970.275976445635,-3.3517035642685657,2184.41981340037,-136.3965344429016,6.104049571435898
2026-12-29,1894.9893924967992,14.203688494407391,43676.053096357624,-3.259800935727573,2193.651063209635,23.043254375457764,6.135245869513601
2026-12-30,1839.6072135413276,14.57797630819792,43034.97332440084,-3.1667471552314526,2202.4116251526893,-35.2660756111145,6.099277293886989
2026-12-31,1859.564452509739,14.992089079757804,43595.98291119877,-3.10441899542234,2210.4138414918007,-143.36052751541138,6.186962335016578
2027-01-01,1838.971401891261,14.174766686096792,43552.77466950674,-3.002081411522842,2219.8427240906776,25.621238231658936,6.177780729364604
2027-01-04,1865.9028828619228,14.316769372120445,43934.674914024654,-3.082349757296062,2228.4999678193153,-150.54567766189575,6.228447661381215
2027-01-05,1972.9262777071856,13.920882557679823,45294.896096284116,-3.2142004767479664,2237.841417556864,-61.18658494949341,6.253060348909348
2027-01-06,2061.4724492041573,13.602930938813062,46215.00482879268,-3.336277360660053,2247.0875246583046,63.91961622238159,6.196718462388962
2027-01-07,2135.571458446064,13.7770870773484,47013.00430670798,-3.431613201838947,2255.9470388947548,-88.36502122879028,6.203470895178616
2027-01-08,2229.097769908779,13.941017275247557,48328.734997077256,-3.4156650459440714,2265.2125876008095,26.323142528533936,6.254522035010159
2027-01-11,2343.494705388571,13.238403039179474,49609.89520550636,-3.608573079672671,2274.775697952372,37.481677532196045,6.168630296476185
2027-01-12,2486.4931151799374,13.825020002006388,51289.288443502795,-3.7277594065340525,2284.1197817383827,-67.30054140090942,6.265601912625134
2027-01-13,2622.560649274272,14.206121544751497,52835.614443115344,-3.8270705943974024,2293.262812858683,33.80939054489136,6.3043439296260475
2027-01-14,2779.638707972225,15.276524669344202,54570.74303341695,-3.8958290075930124,2302.3177950440468,-71.65396547317505,6.355204915739596
2027-01-15,2868.430925553863,15.308106248888242,55242.946270042856,-3.906983806383825,2310.815032249552,-25.983749866485596,6.350637892838567
2027-01-18,2826.4727345500532,15.193030955585495,54757.12938727907,-3.906944501311547,2318.580265289408,-123.51248216629028,6.332960442285985
2027-01-19,2955.626572329319,14.503775927037312,56324.735614273326,-4.078382331044442,2328.0424187241615,22.842650890350342,6.273450665753335
2027-01-20,2972.6607122326063,14.732180009250882,56551.24025380493,-4.099438465298182,2336.7235252915443,-122.43759202957153,6.292401102017611
2027-01-21,2826.413251754381,14.011868487138482,55179.95521975794,-3.9344135738024777,2346.222508674723,-20.04798173904419,6.286381293199956
2027-01-22,2683.8976165038944,13.055159243781757,53858.985082955296,-3.863867244781024,2355.1636326371254,31.282039165496826,6.181102249883115
2027-01-25,2799.697421158845,13.421393104499018,55116.502518309004,-3.9314019150147503,2364.531045204264,-122.1962628364563,6.259624462686479
2027-01-26,2904.6327412118044,13.776813449543848,56316.80273850671,-3.9585636119405097,2373.866717582804,-134.09476709365845,6.311165902875364
2027-01-27,3019.406241276565,13.334077349237983,57601.280596376935,-4.049234175221092,2383.03442025767,13.727376461029053,6.308048701491207
2027-01-28,3216.9488507215606,14.234736302804668,59575.30672185659,-4.234015309349663,2392.339142089945,-44.85234308242798,6.295174342226237
2027-01-29,3413.472615449823,15.225894585655254,61477.42373276252,-4.338724666372902,2401.6252100525917,-69.2275128364563,6.35205565450713
2027-02-01,3545.0469945804257,15.223265459546688,63028.927276198694,-4.438431204394466,2410.6075203476967,-168.2034649848938,6.408391375672072
2027-02-02,3725.000450663512,15.691127358460754,65008.386545482375,-4.537571706906921,2420.004072433573,-181.14675760269165,6.435647953879088
2027-02-03,3592.645075454035,14.581073654185339,63519.331216973966,-4.5419028467545575,2429.287800079447,-36.7714524269104,6.321714748274535
2027-02-04,3666.1514846503405,13.878197950189762,64745.32144062121,-4.659535951078898,2438.5567019043983,-192.01995706558228,6.333553955536336
2027-02-05,3802.558447138411,12.950396484028014,66314.06992349811,-4.671734146871633,2448.082335716349,-39.57920694351196,6.310490849073976
2027-02-08,3852.0910232317583,13.285691417487365,66817.90332857608,-4.646912125968403,2456.9319193421425,-110.28684091567993,6.343846003171056
2027-02-09,4089.410940118125,13.925241496400318,69043.84240652369,-4.779562471532292,2466.341042762858,-265.28667306900024,6.409920359607786
2027-02-10,3925.9711573284458,13.142161136572213,67636.44354959983,-4.596275521540112,2475.504397636515,-92.4630036354065,6.427427610959858
2027-02-11,3754.5006015929084,12.47045549685427,66058.42262969675,-4.5929800310219,2484.3125021515907,-189.4531693458557,6.3896679790876805
2027-02-12,3766.131190676698,12.148028093796132,67181.39741892106,-4.643366322019166,2493.2922833024086,-56.95271158218384,6.350817224588245
2027-02-15,3899.6445130466777,12.29515658165078,68192.56113722993,-4.7576062754774755,2502.1444218216957,-239.6645188331604,6.350901227556169
2027-02-16,3744.7364588731493,11.617402221204122,66972.80105057934,-4.5992768482351964,2511.170494323832,-60.49030923843384,6.341123888380825
2027-02-17,3584.463489421658,10.98119335448908,65856.09376987834,-4.522925376989908,2520.2918608246864,-162.26750802993774,6.277284549660981
2027-02-18,3674.959077681793,10.788958510101304,66990.12133977539,-4.651321798660821,2529.710726982218,-168.4741039276123,6.1800707970932125
2027-02-19,3558.1758710789877,10.27281024211667,66321.47454287439,-4.644371456564433,2539.1935627518715,-42.12043571472168,6.100078852958977
2027-02-22,3720.853908317565,10.609613494249665,68051.70865791284,-4.674887579963571,2548.5095951615394,-205.87281608581543,6.170817108936608
2027-02-23,3679.9900238671803,10.19029474097498,67463.61268995338,-4.579267573640711,2557.4469654618324,-84.47100639343262,6.137969622500241
2027-02-24,3803.725326096335,10.28667885567353,68475.63829583202,-4.726624203012354,2565.84798741923,-32.9815731048584,6.095501689352095
2027-02-25,4035.5317061007786,10.726496926215304,70779.10347958452,-4.888824311182863,2575.240357643229,-129.8007640838623,6.1358631086722015
2027-02-26,4213.3612537710915,11.169065839273998,72174.9066367258,-4.936355096385843,2584.0189878998817,-113.38289451599121,6.195818288363516
2027-03-01,4466.418344253949,11.82257659713702,74736.04391164207,-4.998132710442907,2593.4615833817543,-216.04308128356934,6.271648658551276
2027-03-02,4566.413500012921,11.069611412354703,75880.31877487082,-5.111930583701498,2602.6386034546913,-33.97249412536621,6.181866912283003
2027-03-03,4736.931750862769,10.851115918367684,77450.3160435287,-5.268462930903799,2611.3856499253334,-89.52268028259277,6.11301721457392
2027-03-04,5040.567510330987,10.480608472074524,80162.97647608211,-5.449710582480795,2620.876052147013,19.229951858520508,6.133372996114194
2027-03-05,5001.384865666053,10.619716346454783,80297.01133717629,-5.3900046917656725,2629.6527636109413,-153.08088493347168,6.190913874767721
2027-03-08,4779.957266874384,9.80821892572364,78769.24838836881,-5.196369242952234,2639.1962778626503,-16.117979049682617,6.091206584237516
2027-03-09,4776.900207736947,9.419141589115464,78733.96536515217,-5.298096795664198,2647.835105186564,-110.70814323425293,6.039410870634019
2027-03-10,4740.345447395868,8.911241536601747,78196.69286661636,-5.298314247611008,2657.2365353165687,51.042497634887695,5.98705195646733
2027-03-11,4628.5649240237035,9.043169980232932,77217.03986060734,-5.25490555200263,2663.7159125863136,-111.76368522644043,6.014891397319734
2027-03-12,4375.790928264633,8.307979482543765,75172.7546002968,-5.085578516456327,2673.200255161387,-78.03335380554199,5.903000284098089
2027-03-15,4290.679147725608,7.968348087919051,74746.93647090995,-5.029197067352972,2682.4635675011696,18.142114639282227,5.8891737722977995
2027-03-16,4537.6438486976995,8.558506451911587,77251.08922154858,-4.994644455942354,2691.9423844872535,-15.369951248168945,5.95466325070709
2027-03-17,4673.54043473684,8.938849805150584,78222.10039510792,-4.982545923772297,2700.926254039866,-8.86751413345337,5.98174370277673
2027-03-18,4951.138532623182,9.615098093566786,80590.8609474151,-5.031374276015005,2710.1917121468605,-34.06271409988403,6.022867111600935
2027-03-19,5231.0629815743305,9.559826175661106,82939.72981623033,-5.162708789440832,2719.733850246531,25.49489164352417,6.027192013449967
2027-03-22,5573.967108061822,10.205253430583996,85791.68869492531,-5.3402325663296795,2728.9363257943214,-55.73696565628052,6.02668684033677
2027-03-23,5926.837176199334,10.240683336911589,88862.98853973813,-5.470690697762213,2738.3515155373634,-7.889755725860596,6.101618983428925
2027-03-24,6153.53286504385,10.612214475974113,91057.66476178936,-5.528220068994007,2747.0949428139747,-116.61403703689575,6.119729891996831
2027-03-25,6319.523900000764,10.252823875325136,92713.60444507656,-5.582529053422651,2756.261217838389,46.012656688690186,6.111444850098342
2027-03-26,6574.452404246136,9.981292236398371,94769.237036842,-5.660067253145418,2765.5620467721046,23.74880361557007,6.108415944613516
2027-03-29,6690.963352053882,9.490145447303973,96563.31642255602,-5.676264817225776,2775.0161244927467,117.71689748764038,6.135469148047268
2027-03-30,7012.517091933449,9.422200455674027,99031.32721063861,-5.789837116706214,2783.487012630564,15.008431911468506,6.1458128477633
2027-03-31,7093.938485356199,9.692265987114078,99639.89837258925,-5.691025207149825,2792.3968417702736,126.11916494369507,6.1357276636362075
2027-04-01,7124.775600032259,9.730055921229553,100781.73065639092,-5.725293388920865,2801.383336788279,-47.42557382583618,6.1989687281847
2027-04-02,7259.157236492266,9.541110724440692,102135.1691631569,-5.684770467090449,2810.506154781443,93.37290334701538,6.214177993237972
2027-04-05,7609.00975582712,9.73705328236476,105298.70700739684,-5.691261676470778,2819.872993236643,-41.20575571060181,6.3463700982928275
2027-04-06,8026.839107838139,10.294137652515925,108681.70372517593,-5.644194909702084,2829.07997298823,43.38414144515991,6.4390742006897925
2027-04-07,8266.462312296155,10.13782364189106,111087.64740818941,-5.6335056818602895,2838.2359168587745,-77.23483896255493,6.532753114700317
2027-04-08,8395.229639407844,10.251363146101058,112541.3228250514,-5.58143621157392,2846.67149806605,42.33796834945679,6.589765631705522
2027-04-09,8287.417603922995,10.03717981125935,111870.54439205413,-5.606416665348253,2855.1705377160133,103.09993886947632,6.574953164085746
2027-04-12,8038.758265266546,9.591041078970777,110323.24738609752,-5.5761487487284755,2863.9492843209327,-57.80440378189087,6.5415788508206605
2027-04-13,7716.984479506676,8.93457115282445,108166.87224342898,-5.428780526253424,2873.057883030039,94.42751455307007,6.519223983511329
2027-04-14,7504.7547295988925,8.703699310753532,106975.87212102914,-5.384725887659035,2881.5822465478004,-81.630362033844,6.4963343638181685
2027-04-15,7642.093954123348,8.707081762258365,108680.78171933253,-5.382334210076398,2890.7854497490944,14.198602199554443,6.552532692551613
2027-04-16,8018.5709873597725,9.114624200146281,111286.97511058918,-5.412890875809855,2899.7387597619118,-66.31971597671509,6.56733281455934
2027-04-19,8110.425147416883,8.811869586686628,111714.8443734355,-5.454988414519495,2908.6390283165993,-65.00944805145264,6.58298589579761
2027-04-20,8048.526243714633,8.597061693436455,111243.52659851739,-5.585137078636355,2917.4218185006202,-105.14390087127686,6.546094051674008
2027-04-21,8141.708911064158,8.216151224574737,112243.55834881424,-5.72941152202434,2926.8904635964454,-144.94444179534912,6.530001488626003
2027-04-22,8375.564198734553,8.582601445095811,113837.09262029214,-5.771298917108244,2935.9210050164284,-185.67801189422607,6.5146441991627215
2027-04-23,8104.589205405033,8.450862741287983,111597.61736447421,-5.672371948235697,2943.1007659493507,-113.91208171844482,6.4829651798307895
2027-04-26,7665.235984804197,7.72296203490188,108336.68344423827,-5.557466218345827,2952.173668628794,24.812024116516113,6.3831949169933795
2027-04-27,7553.185722112386,7.448539638652899,107257.34058419397,-5.605433816188044,2960.297779804331,-160.40462017059326,6.333316230326891
2027-04-28,7264.370241376516,6.872933478237984,104806.25709557229,-5.506598027520842,2969.697305446726,22.832837104797363,6.32650089321658
2027-04-29,7551.040934204732,7.44421408746065,107654.33686697089,-5.43009423660583,2978.620255237681,-105.42125225067139,6.452703580837697
2027-04-30,7862.709432961393,7.129228982747959,109377.61825153836,-5.486155295842356,2988.1592166482033,-26.241068840026855,6.396698773484677
2027-05-03,8226.813288833533,7.451317086760774,111775.17189677441,-5.565590726309485,2997.1346252022804,-193.84009838104248,6.441594452243298
2027-05-04,8603.671707119387,7.084018118124659,114315.78078272521,-5.67962493198461,3006.5378739892067,-14.596674919128418,6.393360417913645
2027-05-05,8660.85100285855,6.903229564317708,115325.46973585708,-5.738970069312519,3015.641436344248,43.36087512969971,6.378149973805994
2027-05-06,8990.501142071242,6.892828152059775,117367.165510707,-5.886698631667561,3024.0700480996193,-139.46667003631592,6.371887209005654
2027-05-07,9474.500793056954,7.019249957461018,121320.45097639001,-5.995685642682976,3033.715994602305,-43.04473400115967,6.41988363686949
2027-05-10,9929.584962747951,6.896583062591346,124733.36095892364,-6.007007339135773,3043.1656014977516,49.468045234680176,6.4275509096868335
2027-05-11,10102.703275103448,6.8504151502913695,125985.60027282611,-6.066371430740721,3051.8596961556495,-110.91173076629639,6.444586563501507
2027-05-12,10465.635974482033,6.8501358617632375,128296.26523163395,-6.057973858066863,3061.2038943825783,36.242520332336426,6.428956944141537
2027-05-13,10614.605775375461,6.544621775887065,130145.8733110737,-6.186037670918769,3070.683957820994,-115.30136394500732,6.437722190860659
2027-05-14,10442.670609153682,6.135230663754028,130349.00593084349,-6.098071899362869,3080.1723382531227,62.3212251663208,6.422306492570788
2027-05-17,10121.939037667114,5.922271017604801,128778.2184638958,-6.09354383135683,3087.2204601822914,-117.07263469696045,6.396141022089869
2027-05-18,10156.086642939166,5.877191808974285,130172.7848713018,-6.072179382764763,3096.6162788926185,-101.59204196929932,6.436964384857565
2027-05-19,10204.623600860603,5.9220361283318015,131184.04920079402,-6.120468618446059,3105.5438358841957,-125.93641757965088,6.501267715934664
2027-05-20,10385.952993525545,6.061096467849252,132947.9933514389,-6.068620352172322,3114.3689854203285,-184.32214069366455,6.5069818493165075
2027-05-21,10795.236111645825,6.151017891954035,136719.52491827676,-6.017794629656739,3123.7014544068397,-248.44257068634033,6.60001418704167
2027-05-24,11110.405075363626,6.1012160763614265,137929.32678470784,-6.090547463023133,3132.845093971354,-135.56115436553955,6.594230267331004
2027-05-25,11612.87606295492,5.9203475507574925,141282.58503388893,-6.256560703837342,3142.098783737284,-229.09926319122314,6.5763226702064275
2027-05-26,11880.991125503644,5.550549554890007,144441.10321317628,-6.240236811437673,3151.3991262970985,-255.16534519195557,6.546803838685155
2027-05-27,11845.45412719236,5.606049704088189,145389.40706983075,-6.123756080963678,3160.3520853577675,-161.63602542877197,6.597435849830508
2027-05-28,12294.36825342969,5.7843991158951455,149530.91967435004,-6.145737378024525,3169.901396995646,-276.74432468414307,6.6447117022424935
2027-05-31,12973.028869000818,6.016805053712608,154270.42818955242,-6.216302482509083,3179.3130714951576,-374.08736515045166,6.688432521298528
2027-06-01,13212.961473299545,5.8085894119923225,156153.26270851845,-6.166316690021223,3188.920763259989,-268.15965366363525,6.626207991614938
2027-06-02,13798.05887368817,6.127676529552955,160151.07728184602,-6.2001928632194465,3198.2861321030678,-318.5494966506958,6.713358215168118
2027-06-03,13885.894226568522,5.958021295094716,160474.54450100637,-6.236830296092696,3207.0222570954384,-258.3416795730591,6.678846198245883
2027-06-04,14693.669258391685,6.2257846847069285,166156.19039402503,-6.218089332901902,3216.5741455613197,-375.0871934890747,6.816023009940982
2027-06-07,14945.830991633817,6.170556744442253,168673.66641468302,-6.188574247160024,3225.9084789811195,-274.2139253616333,6.796612161323428
2027-06-08,14548.061600331088,5.99801803248675,167117.93151275764,-6.143422696837253,3234.672543769938,-224.07578372955322,6.831492855325341
2027-06-09,15355.734399941965,5.717099396206634,172971.91450795377,-6.157411059462494,3244.338182693583,-332.59552097320557,6.885520092323422
2027-06-10,14969.036094019011,5.453004632185134,170413.9591343739,-6.084199553453392,3253.4157917557777,-160.4476022720337,6.902983515635133
2027-06-11,15210.115040168595,5.448576499704221,171861.39768297746,-6.157054236256546,3261.513874298197,-335.76765537261963,6.903659607861191
2027-06-14,15371.747969615977,5.205380923185595,173726.76180508657,-6.0878486094111866,3270.316943412882,-164.76759433746338,6.903786759003997
2027-06-15,15893.876746640075,5.348985161696378,176487.77747742366,-6.194673894071049,3279.06580949412,-337.9289255142212,6.940340343043208
2027-06-16,16159.951047097005,5.108386589836897,178089.95911688497,-6.247030140929884,3288.381712204081,-172.67785739898682,6.8853061340004205
2027-06-17,16425.35534489106,5.1332062634039515,180651.6106622858,-6.276868622847862,3297.1608545838417,-345.6288766860962,6.974758095219731
2027-06-18,16543.929277970372,5.109368079142968,180646.0437742686,-6.293441804223723,3305.3911202012123,-228.1268014907837,6.957998911961913
2027-06-21,17063.85577013952,5.399896949746367,184606.1649552642,-6.369256990128226,3314.606457954508,-293.41543674468994,7.0250483333319425
2027-06-22,17668.51283930689,5.416234509516064,186934.72327150468,-6.474671023064322,3323.245187049967,-261.23139667510986,6.974477089121938
2027-06-23,17081.216379924343,5.2075409028113455,183931.8617919503,-6.32300812202043,3332.2448237000526,-135.60585498809814,6.951516171097755
2027-06-24,17134.08327045874,5.0166025743769085,185316.84199964252,-6.373301303111977,3341.427203422648,-307.60382556915283,6.981079819723964
2027-06-25,17095.052337410587,4.7151267913994435,185846.1319864281,-6.536298951231903,3350.7092535553993,-199.88634967803955,6.937265611365437
2027-06-28,17297.59405371329,4.576447302527029,187482.64689779046,-6.56149937594778,3359.9171497880043,-324.2725648880005,6.898956350162625
2027-06-29,17545.906237754098,4.330737226841971,189694.95164320528,-6.647982250996894,3369.1698601304115,-327.89715814590454,6.935060440674424
2027-06-30,18232.16959523854,4.447379874356764,192841.9681256036,-6.770163085409469,3377.949053054911,-397.1546196937561,6.920080638602376
2027-07-01,18703.307047740775,4.441764059275272,196778.45914961188,-6.720689740129775,3387.396272903544,-259.69090509414673,6.9348486206680535
2027-07-02,19214.119146466284,4.375340989748625,200288.8750439797,-6.754718065359659,3396.630214935404,-208.1297745704651,6.952143439203501
2027-07-05,20224.5395224901,4.420688310344691,205861.64993261616,-6.876320883729524,3405.4837200699867,-363.9364151954651,6.931845394074917
2027-07-06,21202.234000076754,4.589430637837999,211727.57003780446,-6.902351562031574,3414.9659845887245,-295.30406045913696,6.963835113793611
2027-07-07,22168.76135366931,4.772547574852614,217632.6449716796,-6.946885284134216,3424.219495063883,-437.3499131202698,7.065583982616663
2027-07-08,21382.82499379691,4.589962501976738,213088.16752213027,-6.887036532261438,3431.9046237526954,-287.7541184425354,7.076210157126188
2027-07-09,21605.867788236967,4.52037336144664,216160.57559626715,-6.959008582034177,3441.097306018931,-308.0250687599182,7.0651906199008225
2027-07-12,23002.15010540092,4.864380203624402,223590.67278147105,-7.10622603456027,3450.365258937937,-407.2860779762268,7.162705629244447
2027-07-13,22873.976157655143,4.7964679283866785,222235.97889851476,-6.976421170034475,3458.844186550242,-295.77803659439087,7.151846702322364
2027-07-14,21972.909617853897,4.545558449738169,219423.3397608034,-6.923620618977613,3467.322651630503,-449.0327363014221,7.152959269583225
2027-07-15,21163.78600705932,4.238378891248868,214976.28479776141,-6.99949239949233,3476.3151290474952,-339.1715760231018,7.04496704518795
2027-07-16,20538.82847425046,4.181790175336845,212453.59741948338,-6.986153492801852,3485.191958194834,-193.3004822731018,6.987225894927978
2027-07-19,21120.279054139875,4.341902546052608,214629.16414902077,-7.038922874354786,3493.4500882683815,-371.41817331314087,7.020913978219032
2027-07-20,20318.373393560585,4.03581335642138,210512.38492405976,-6.894143341206974,3502.842369800669,-193.010244846344,6.925238047838211
2027-07-21,19703.504967206387,4.033729924970061,208543.12758484916,-6.728919012569851,3511.114787822825,-333.96810007095337,6.945584603697061
2027-07-22,20473.807317011662,3.9382545917487852,213346.8045374303,-6.787649078392453,3520.5152375756325,-234.0917649269104,6.909221504926681
2027-07-23,21874.457883003855,4.3195343234556045,221287.92892364052,-6.959315626048512,3529.9040715752662,-372.16963052749634,6.992116850912571
2027-07-26,23093.961788814315,4.251313490585916,228452.7538785443,-6.950517722503311,3539.5404136239113,-371.09974801540375,7.049855799525976
2027-07-27,23193.780598626243,4.023700990329772,229300.51142967615,-7.018119582072861,3548.6363399087013,-250.50541818141937,6.964827985614538
2027-07-28,23450.4061014822,3.8352204746179703,230796.5150205025,-7.175580510036117,3557.668182140452,-329.53185403347015,6.8897954384982585
2027-07-29,22773.82509882858,3.667136334680811,227924.16232862763,-7.314811357394821,3566.4529721795143,-469.9534238576889,6.843392417877912
2027-07-30,21679.996493611114,3.352492131781949,223164.38946538142,-7.215219260291225,3575.7177178917946,-292.0809873342514,6.789289769828319
2027-08-02,21301.2133097865,3.265831615658194,222569.3541628411,-7.099313982860214,3584.7501704751076,-283.48956525325775,6.79580167831853
2027-08-03,21286.56153433133,3.3165752542672324,221399.79558814372,-7.095139096123195,3593.094892269236,-432.5295890569687,6.753259690124541
2027-08-04,20303.466711387216,3.1277572691847038,216696.53902000983,-7.001907969457126,3602.4226024209083,-480.30188596248627,6.679708430189639
2027-08-05,20100.175679547032,2.915056666694071,215868.92570000215,-7.054327903878904,3611.9304215966285,-341.30861508846283,6.600533650834113
2027-08-06,21022.488347181505,3.014827570819984,220135.3218721357,-7.1175697060348755,3621.0342509804786,-358.4367240667343,6.581445484999567
2027-08-09,21851.097282908635,3.178000653711837,222058.11230040382,-7.239793925178266,3629.6258361397804,-463.6528877019882,6.538532241825014
2027-08-10,22644.494067550073,3.099216915939894,227956.25560592933,-7.215065936190105,3639.0166089592994,-303.36197888851166,6.5878114808537065
2027-08-11,23348.474074589172,3.162772119705244,230227.50059002484,-7.317548672300792,3646.825936561686,-452.19251477718353,6.549387257192284
2027-08-12,24534.93481322127,3.17664010401289,237409.54005585768,-7.453065777760959,3656.303445106608,-334.28719556331635,6.5697963364608585
2027-08-13,24275.55547113723,3.003407616727571,235793.78353805057,-7.615363712054706,3664.9021399079384,-498.5275367498398,6.488589403796941
2027-08-16,23609.510637409094,2.7969628342374815,233839.74343387422,-7.575718978983379,3674.191436058146,-327.1366676092148,6.45098074676469
2027-08-17,24581.53954492518,2.8077934444822965,239012.89157799675,-7.646116527360893,3682.28553605662,-488.1921180486679,6.44050086999312
2027-08-18,25647.46237194072,2.8236375166439727,244201.8420883339,-7.640485480991221,3691.5833494721473,-334.87418591976166,6.415111656878143
2027-08-19,26750.608555243114,2.980895456388075,250550.86268294236,-7.64179011281117,3700.469069725138,-389.2348350286484,6.508529822919518
2027-08-20,28520.912559742403,2.877191941446468,259905.48738842804,-7.787774240928731,3710.1417543946327,-377.99061715602875,6.602191041801125
2027-08-23,29922.024937759372,2.9223720367002977,267144.01840663556,-7.828028155821404,3719.40157247172,-368.1012576818466,6.652587838117033
2027-08-24,31363.17181259883,3.189826687952527,275137.0263092415,-7.817205726499698,3728.374496704203,-499.91423070430756,6.761059030536562
2027-08-25,31022.658555094815,3.0625548691305764,275624.18821402604,-7.7190336653543925,3737.7627298890175,-323.1484988927841,6.7518930524773895
2027-08-26,31400.69483987757,3.0759429008047094,277827.1161995747,-7.898298940951965,3746.956527954203,-493.8762973546982,6.7065664991922675
2027-08-27,33372.203361953136,3.1120144076603,287817.03928496747,-8.03833226054444,3756.6294443665565,-480.2717422246933,6.7705740422196685
2027-08-30,34488.31285537556,3.2233250388081647,293931.9875588079,-8.005675013507744,3765.6912272034706,-408.82173001766205,6.798645728845149
2027-08-31,35239.33311971552,3.2121260641682645,298330.0659067777,-8.077066983426949,3774.3345863877357,-562.7370742559433,6.847524361331016
2027-09-01,34172.983665975196,2.983095827946059,293181.54241977504,-8.035330365742585,3783.229184394938,-395.46613919734955,6.801266865450889
2027-09-02,34055.30154849603,2.934112663083811,295589.1754971835,-8.074601422394654,3792.293634658915,-532.103941321373,6.833826852608472
2027-09-03,33964.31130630013,2.7611297371541763,295758.31298011116,-8.088641719291946,3801.332151657206,-393.08186185359955,6.788819787669927
2027-09-06,32755.149209407326,2.7155602449976337,289732.40969003376,-8.046878912816783,3809.29010844813,-398.0085061788559,6.782653810568154
2027-09-07,33349.55663121672,2.649247820053407,293766.7826847742,-8.065029328088304,3818.7857129632057,-509.38207948207855,6.813181435801089
2027-09-08,34815.109343535034,2.825749847943589,300494.42291084887,-8.076310751359006,3827.939399486643,-647.735228896141,6.893629593886435
2027-09-09,34315.38189342217,2.694345834526308,301133.69744498696,-8.006699283937952,3837.4262673913063,-489.9604638814926,6.866666140146553
2027-09-10,35908.56297642877,2.80498972837349,309531.80374761426,-8.1039961775346,3846.5309264718117,-671.9807122945786,6.949359426386654
2027-09-13,36611.46880920907,2.6968494623591805,311011.75150351244,-8.189572644750616,3855.4899013100685,-493.82234132289886,6.851694988198578
2027-09-14,37199.758678485465,2.8143400536426686,314352.438524437,-8.09662451348736,3864.1829736290993,-505.2912839651108,6.8860322219505905
2027-09-15,38747.47665215335,2.7247896005617402,323779.7049981586,-8.136639592568418,3873.511631733042,-608.2722791433334,6.892508858460933
2027-09-16,37881.25524908724,2.5605775440930167,320041.4552207842,-8.129337029862246,3882.6357314644874,-481.1091855764389,6.838257273305207
2027-09-17,37834.60028695217,2.526203946323242,320399.16757117055,-8.23491342585071,3891.2272279320778,-664.6437925100327,6.794164048153907
2027-09-20,36942.193751889725,2.4260475810383197,316840.3706124823,-8.162964875209173,3899.9160716591896,-535.4190458059311,6.835211937893182
2027-09-21,35537.21722058161,2.3883997174226588,310362.0249862154,-8.078174161124071,3908.3723428307594,-569.7443441152573,6.724535805750638
2027-09-22,35271.694482633386,2.2274905295929956,310569.69496510195,-8.121412592339357,3917.57437873469,-464.5310720205307,6.6752435803599655
2027-09-23,36106.674926796506,2.2983457764283473,314051.31838993216,-8.128690167660853,3926.4459884224952,-621.8017171621323,6.740783879179507
2027-09-24,38447.78290713534,2.349257788352339,324863.889137006,-8.294492914672038,3935.847789531809,-531.4492772817612,6.760156519357115
2027-09-27,40377.21938513633,2.4627003998817876,333733.60281545133,-8.310778321097633,3944.599314457041,-694.1588109731674,6.850755862537771
2027-09-28,41901.11308751167,2.4196613121840826,340666.1493386651,-8.36481835819318,3953.735523944956,-562.1150945425034,6.853018046002835
2027-09-29,44163.004803101554,2.5439890834597767,349700.33604946744,-8.481372394929668,3962.538781887156,-671.8752797842026,6.895405352693051
2027-09-30,46535.046458533565,2.6072493939729604,360417.99121903046,-8.588473365972778,3971.738745456797,-523.9344381093979,6.968246475439519
2027-10-01,48153.198168176204,2.717857382370075,368984.85996377975,-8.669221134255668,3980.4142119942726,-668.6053060293198,7.048163839261979
2027-10-04,50579.178845331575,2.7043476489075773,379429.52408065344,-8.769492977629444,3989.935815578562,-614.6298078298569,7.08588644919917
2027-10-05,52993.279278356065,2.7846894512995304,388970.7069847893,-8.891765469084522,3998.923967128855,-740.4615567922592,7.147538796644658
2027-10-06,52183.3614874901,2.8104745104094198,387632.49990638235,-8.757872053752681,4006.959653621775,-576.6609891653061,7.195734222065657
2027-10-07,51706.672290972056,2.7689024034907113,388583.3506256642,-8.673529745410224,4015.3685939370216,-627.1558126211166,7.274094354938716
2027-10-08,52102.23541510431,2.659156289335251,387721.7475657004,-8.771802337239524,4023.6470344124855,-656.4349626302719,7.205054361950606
2027-10-11,52112.80665704058,2.641289594842237,391386.21052692726,-8.70613368726804,4032.838180309397,-482.4559282064438,7.269645441900939
2027-10-12,53773.225970671694,2.697093026544409,400426.2594369318,-8.734734733919641,4041.9862239419044,-666.9930528402328,7.352568615805358
2027-10-13,51835.344242264815,2.632143869358894,394633.74583476054,-8.561995809297105,4051.2088983117164,-521.1796830892563,7.342502374779433
2027-10-14,50264.00924150497,2.5871763169280624,392473.79075170215,-8.564253534753835,4060.3472926674904,-621.2390474081039,7.371538481321186
2027-10-15,51546.61927194144,2.5945027259590514,401419.7012184042,-8.510229020942962,4069.805369144541,-559.172957777977,7.408348152991384
2027-10-18,51255.059099954015,2.5378171976681125,398643.6793805461,-8.52127748318485,4078.868049388987,-475.8055108785629,7.341990234907716
2027-10-19,53329.345440859084,2.5660467037472627,407467.1421760737,-8.656118329246556,4087.869180446726,-659.2480767965317,7.388313083555549
2027-10-20,51443.1504791234,2.349228414058527,401214.61667062767,-8.588610950489556,4097.383071666819,-479.25703370571136,7.31652101745829
2027-10-21,51575.7903523554,2.378647090725743,404622.06316657376,-8.71885514595083,4106.007613903147,-607.6411432027817,7.323594820331782
2027-10-22,53183.033235511924,2.233097653557808,414167.9049544982,-8.802281077583348,4115.557351833445,-675.0595315694809,7.388702374529093
2027-10-25,50661.143196017656,2.1517628073075956,403578.0861771841,-8.621467943866765,4123.741849666697,-516.1080545186996,7.386349563598633
2027-10-26,51640.623642504856,2.0500314085042928,413959.1249768238,-8.771002303441083,4133.366383319956,-697.2413858175278,7.383283890429884
2027-10-27,52536.229265035574,1.9379012539942686,416417.03886394855,-8.85268827118448,4142.772102123362,-526.2588571310043,7.280111595634371
2027-10-28,55956.47318705711,2.1216794304664592,431312.2014778742,-8.935262132068193,4152.26401305781,-694.5235055685043,7.398564621452242
2027-10-29,59652.447880488806,2.0747951804995832,447085.01131695136,-9.110286045451677,4161.816568142039,-675.1987107992172,7.449259109441191
2027-11-01,61907.14413518029,2.1203498095792557,455819.6986851908,-9.136582163726008,4170.287753826243,-715.8609727621078,7.479179996643215
2027-11-02,58980.44288752426,1.9576157835669108,444577.83044893737,-9.024483738099253,4179.478024250132,-540.5510209798813,7.39383280614391
2027-11-03,58327.38096393432,1.8801207735094636,446945.5074908621,-9.08771175668112,4188.323099857432,-546.8494209051132,7.435502621922642
2027-11-04,60358.894323911765,1.7714734477930452,457798.33530244225,-9.262878989432966,4197.759381061655,-689.6213783025742,7.284158099088818
2027-11-05,62950.38269689197,1.868542227507827,469769.10147110705,-9.209752710168278,4206.550883060557,-551.3410285711288,7.322741023842245
2027-11-08,66748.97683405066,1.945025285998764,486206.86028013827,-9.263603577022469,4215.92380023585,-658.1342414617538,7.396295114997774
2027-11-09,65713.3286870805,1.7578402570971,482549.32881471305,-9.442844071988976,4225.259952312571,-488.30457532405853,7.2896133285202085
2027-11-10,67632.75830498889,1.6759280722080558,493831.58206345583,-9.578938984875595,4234.75677943812,-648.7229560613632,7.2980471138097345
2027-11-11,71858.0964590003,1.6181945568788818,509364.779873114,-9.72267098129264,4244.323622470957,-487.36939465999603,7.24838677758351
2027-11-12,75205.06361355807,1.6805634494712944,523196.0552192283,-9.73118896838746,4253.36512256251,-607.6733268499374,7.2847605716623365
2027-11-15,76733.24382336641,1.6251430329970336,533686.7853713566,-9.734453614200493,4262.904323345286,-538.0262931585312,7.317520696315914
2027-11-16,81194.3164049801,1.708057679398471,552080.2765893358,-9.835899683977505,4271.929510837656,-560.550058722496,7.410817484948784
2027-11-17,84461.4925929942,1.7255725535616429,564991.0951875629,-9.949746701265713,4281.226259952647,-684.4886344671249,7.480466071162373
2027-11-18,88793.92826895196,1.7213352511354458,583728.5409797939,-10.017367313946625,4290.698482280833,-541.5518211126328,7.507095057163387
2027-11-19,92796.20338325702,1.816362773397253,598297.9422214018,-10.023763599204859,4299.879828220469,-638.7445548772812,7.5519656088389455
2027-11-22,96318.43133166505,1.8260854994578648,610014.9022040443,-10.116879852819284,4309.0172421990455,-745.2074302434921,7.569848546404391
2027-11-23,94117.50572024312,1.7082736441051536,603985.6240968672,-10.154158274042448,4318.228185421091,-596.6021445989609,7.510707618314773
2027-11-24,92058.29595968241,1.6380906387208567,599434.4600301754,-10.087786967265448,4327.452750927073,-647.399782538414,7.489965337906033
2027-11-25,89011.45635456433,1.5679034056354386,594953.640622066,-9.959765175688108,4336.831176525217,-651.3938320875168,7.40865374693647
2027-11-26,87713.68422553925,1.5231157004857543,596552.4094484198,-9.902081022369703,4346.007618671519,-504.0703762769699,7.389870969224721
2027-11-29,87787.53697341887,1.5620447546901286,601590.8069581152,-9.788319001304945,4355.125443225962,-657.7755154371262,7.436562539655715
2027-11-30,88348.80067568728,1.53640900398835,598508.020967483,-9.807921124952873,4363.98071933375,-500.4427365064621,7.399859180320054
2027-12-01,92905.01663117204,1.6159298068316392,613128.0954900391,-9.908415643828949,4373.043787723643,-631.3712643384933,7.388099215570837
2027-12-02,95792.60492605905,1.588530050412074,627030.8710670415,-9.975985264736256,4382.300851589304,-512.4338940382004,7.375785447303206
2027-12-03,100295.63871644568,1.7002678815857382,642789.5233204116,-10.035400459873518,4390.691632038218,-663.8516491651535,7.461448453012854
2027-12-06,103677.47778889522,1.5718754427619732,657062.1251862642,-10.207144463765463,4400.0141856728615,-508.68500792980194,7.362546130660921
2027-12-07,102132.87196315307,1.550203010120657,652134.5555865874,-10.246693360018572,4408.217768436533,-607.7188214063644,7.329134199414402
2027-12-08,105811.81172556539,1.4376809908735582,668862.833485099,-10.335123749780497,4417.814895397288,-543.4316128492355,7.325068852044642
2027-12-09,112267.07534211801,1.463534236107128,692548.1746540291,-10.41180691342338,4427.367384677988,-578.8743923902512,7.412317736186087
2027-12-10,115795.13501548255,1.555205413838068,700213.4536099777,-10.481046589422068,4435.842547184092,-693.7352322340012,7.451692672558129
2027-12-13,117660.00832346424,1.4830651865901479,707767.9988224275,-10.505321326064905,4445.030251270396,-557.633623957634,7.432925962023437
2027-12-14,111407.99210335992,1.4068418152019648,690195.9027632542,-10.35652554254516,4454.115149265391,-520.3612850904465,7.3775550873205065
2027-12-15,114102.89263103333,1.4072901003253173,698058.0367054346,-10.49127356927379,4463.029618984324,-619.3066815137863,7.341018360219896
2027-12-16,115486.74560050051,1.4092156731702439,705822.1628799668,-10.49339909954465,4472.14536738978,-556.0357350111008,7.337110045943409
2027-12-17,116427.39598968305,1.4293708012701558,714937.1937321593,-10.380102046863204,4481.366604572398,-526.9664887189865,7.398023884389549
2027-12-20,121890.4541091092,1.4860637037773896,733066.1175405371,-10.403075675577885,4490.509159809214,-672.715374827385,7.454218290392309
2027-12-21,122922.16138558571,1.4804049183281516,736404.9619772865,-10.368137217224604,4499.745143657786,-513.1124237775803,7.492210726831108
2027-12-22,129651.48609539024,1.5189830131856694,759150.6588632539,-10.513545609177118,4509.295782810313,-676.9660767316818,7.582184288296848
2027-12-23,138426.60795076896,1.4838686740217153,787623.8945475875,-10.661365843475824,4518.939067607981,-523.046688914299,7.568261313829571
2027-12-24,138938.67336988501,1.4460845059482936,795214.6940435938,-10.692358509735232,4528.193168407542,-537.2319630384445,7.571412296611816
2027-12-27,147445.28433149226,1.4703836189483235,823532.0683381044,-10.790137359038955,4537.731307750803,-632.3463505506516,7.688252972085029
2027-12-28,152990.76217016365,1.4535607082794288,840103.026468829,-10.861754656867152,4546.380286937815,-573.1900166273117,7.6728276495076715
2027-12-29,160783.33299058254,1.4318637111033528,867609.5993289391,-10.934311636821395,4555.777710682017,-670.8845127820969,7.739602017793804
2027-12-30,166051.67219407405,1.3857583273407224,888305.8839656414,-10.932379465065925,4564.820016628367,-653.2568253278732,7.7980835098959504
2027-12-31,171552.04198715807,1.4613277276075665,908254.3606053093,-10.851251344643561,4573.90610290156,-742.1054505109787,7.890497062001377
2028-01-03,167761.55450052657,1.3523179325584105,899326.925812532,-10.917828406654326,4582.855144268137,-593.7257050275803,7.806609604153782
2028-01-04,171576.1533503643,1.2735009864044124,910500.049277266,-11.074346255026786,4592.198277240855,-439.3817719221115,7.6898836676217615
2028-01-05,180568.50157361352,1.3547453105979121,934794.3547245621,-11.170247505866019,4600.5274417458595,-614.1143311262131,7.775522973034531
2028-01-06,182945.31944080399,1.4343749178946044,937527.7725606369,-11.178348435536055,4609.32211185084,-633.1025990247726,7.797181868571788
2028-01-07,179770.0698899865,1.3264462849810217,934391.0038346965,-11.19073733359578,4618.5871417580665,-481.0821980237961,7.760712438840419
2028-01-10,178036.46882008904,1.322277010508297,935102.3281629388,-11.187451289016781,4627.586232906443,-624.6175526380539,7.803566058743745
2028-01-11,175200.32718811245,1.2572417905918232,928922.1599901405,-11.152715501356898,4637.028767353159,-504.9062489271164,7.791132591310888
2028-01-12,177349.0489857504,1.26729644805173,939978.8324331173,-11.224575680661975,4645.81158614741,-680.9411457777023,7.794195004152134
2028-01-13,176115.51803375903,1.2398080942914183,945272.4973655835,-11.129259382355986,4655.228429561716,-536.3272541761398,7.794058042922988
2028-01-14,179074.26683224618,1.2741910617195866,959463.2905711714,-11.179024574328242,4663.809857135874,-641.085974574089,7.86881202773191
2028-01-17,190523.17402762387,1.3574311141265998,993990.3709864215,-11.282934022117434,4673.252894168955,-628.2888754606247,7.94350932107307
2028-01-18,201394.74493252902,1.4496535232015302,1024457.0248349846,-11.282399140861845,4682.807374721629,-619.4793957471848,8.021751734772696
2028-01-19,211082.14319383772,1.4538293563951472,1054992.6198540437,-11.322270032581901,4692.227802997691,-500.9060696363449,8.026222627023234
2028-01-20,223640.01650805183,1.5041968716473695,1088706.422144516,-11.466540691074943,4701.527776485545,-673.9438503980637,8.095235641459002
2028-01-21,229874.68984367038,1.5531044720916956,1104269.720372816,-11.455377562535023,4710.614855533701,-600.7515820264816,8.129255618313326
2028-01-24,228418.4975790005,1.5138555084801892,1104169.806213308,-11.4815086243721,4719.003483539683,-704.5099972486496,8.122188016651197
2028-01-25,239080.98532744366,1.5164220908072696,1131944.0875123807,-11.559108492550468,4728.215501552683,-670.6718662977219,8.138124475134536
2028-01-26,247959.54391907062,1.5582613161081968,1154958.8856383555,-11.604487650659895,4737.41603637324,-778.9755238294601,8.18263487691991
2028-01-27,251072.8245734691,1.5219130656275264,1163176.700919162,-11.554679688629722,4746.717938190562,-605.3726185560226,8.209497893108054
2028-01-28,262127.81813278573,1.5793818023453752,1193633.9697187406,-11.55379047825004,4754.965613132578,-768.6838520765305,8.29184749896638
2028-01-31,274674.637333317,1.6394190017217778,1221826.192407702,-11.56401505528952,4764.105784183604,-629.3132466077805,8.327683770908042
2028-02-01,273890.71877467213,1.628721532261142,1226401.2998068938,-11.588544320529355,4772.678114658457,-789.0535877943039,8.411253141118213
2028-02-02,270850.09261031577,1.5713888842869415,1231512.9816313928,-11.474914204543484,4781.9819924889625,-618.8420857191086,8.450541751338168
2028-02-03,276791.573085,1.5804935873952382,1250259.89568619,-11.48560067660178,4789.885525947672,-735.5246189832687,8.509949015332385
2028-02-04,290825.0897740186,1.6526427512815418,1284116.113235548,-11.463313870346202,4798.967815643412,-596.9943150281906,8.583723464859649
2028-02-07,305003.55343145994,1.6985124783135035,1320800.627037639,-11.549228973900927,4807.871610885722,-767.1420048475266,8.641125710560008
2028-02-08,309473.6695543642,1.6193981685978516,1327110.0317358503,-11.652923308527125,4816.878436332804,-593.740012049675,8.550393888605758
2028-02-09,326412.50946767745,1.7287474980484863,1368850.5339470857,-11.768779419576777,4826.142768150431,-760.2075108289719,8.63272559816949
2028-02-10,347414.23902280844,1.7965559393322348,1417374.3021547121,-11.890135467266692,4835.587833648783,-635.6274098157883,8.67601450706832
2028-02-11,356122.4063829199,1.7556481687350296,1446548.3339496467,-11.925456714099301,4844.587250000101,-638.5339070558548,8.69019295635633
2028-02-14,355049.10713253496,1.6393173861616768,1460518.0327461092,-11.957096725916518,4854.002185112101,-759.4510442018509,8.761468615261837
2028-02-15,360231.77964736364,1.72358368344815,1461481.542638718,-11.908834781711949,4862.193276649577,-617.1804143190384,8.72426192822866
2028-02-16,372420.4988217737,1.7358981537969589,1488690.865258531,-12.004104335075272,4871.510754829508,-756.5770207643509,8.697802539793773
2028-02-17,365726.45029517706,1.57836698477437,1475646.3318025158,-11.97578575110997,4880.880092865092,-571.0621892213821,8.65068722131662
2028-02-18,365304.988522854,1.5915219119971584,1479239.4847992226,-11.999074973380221,4889.584765678507,-709.3298588991165,8.67987863707356
2028-02-21,373973.77746081766,1.564499020388618,1485299.730238525,-12.10920847228731,4898.279826408488,-586.0189076662064,8.579233810184522
2028-02-22,386951.88471105194,1.6310575861124221,1517341.3150977953,-12.17778366080488,4906.496837860209,-741.9025136232376,8.64727199810557
2028-02-23,371490.49944937776,1.497326682685353,1489253.0905931315,-12.140569165563239,4915.881469970805,-570.1681081056595,8.538290738938375
2028-02-24,360545.96383000916,1.4805536625316804,1472903.2958772944,-12.069772698199404,4924.185405021769,-671.4411717653275,8.565718073276802
2028-02-25,347704.20702219603,1.3874676858996624,1440433.6454791815,-12.078805293170763,4933.493797546488,-579.2250691652298,8.443400490907951
2028-02-28,360406.6354540631,1.4137082431372854,1475142.0086260478,-12.07290461075495,4942.952092414957,-684.5584203004837,8.524169821171089
2028-02-29,367207.292429899,1.3612416107781868,1494042.082726913,-12.05666420956145,4952.249342208964,-630.0000859498978,8.442583743361755
2028-03-01,361867.6983128592,1.3961164363488172,1487135.3995291684,-11.975064132111175,4960.400727516276,-755.2821751832962,8.513737741736694
2028-03-02,375526.30792317924,1.4307969634267221,1525956.2515452474,-11.987183051863713,4969.737665420634,-825.8369923830032,8.563777617989107
2028-03-03,376480.90289175493,1.431549834200582,1528090.2161776247,-11.949127881536288,4978.163392311198,-673.3048115968704,8.549868335826321
2028-03-06,387168.8554840273,1.4328852020533436,1540035.707493474,-12.08301295221786,4987.351020103556,-813.5431081056595,8.48329606453888
2028-03-07,410984.8912657885,1.536333962621671,1590170.0767606325,-12.158460422167582,4996.456300979716,-865.9398213624954,8.573858929676934
2028-03-08,417331.6195631704,1.4636728125837264,1601596.5579941073,-12.260039954194827,5005.550528770548,-696.7046376466751,8.487320570154115
2028-03-09,439382.37527065404,1.4667866432709356,1651552.515239013,-12.339563957164092,5015.100577598673,-874.9822865724564,8.588848253590985
